{
  "n_clusters": 3,
  "n_programs": 6,
  "metrics": {
    "inertia": 140.861244684254,
    "silhouette_score": 0.10169863629954541,
    "davies_bouldin_index": 1.0306806056800621
  },
  "clusters": {
    "cluster_0": {
      "programs": [
        "bitcnts_O3",
        "patricia_O3"
      ],
      "size": 2,
      "common_instructions": [
        "lbu",
        "lui",
        "bltu",
        "andi",
        "add",
        "sltiu",
        "jal",
        "slli",
        "beq",
        "and",
        "auipc",
        "mul",
        "jalr",
        "bge",
        "bne",
        "sw",
        "addi",
        "lw",
        "bgeu"
      ],
      "program_details": [
        {
          "program_name": "bitcnts_O3",
          "total_instructions": 312,
          "num_basic_blocks": 39,
          "unique_instruction_count": 23,
          "unique_instructions": [
            "add",
            "addi",
            "and",
            "andi",
            "auipc",
            "beq",
            "bge",
            "bgeu",
            "bltu",
            "bne",
            "jal",
            "jalr",
            "lbu",
            "lui",
            "lw",
            "mul",
            "mulhu",
            "slli",
            "sltiu",
            "sltu",
            "srai",
            "srli",
            "sw"
          ],
          "instruction_counts": {
            "lui": 20,
            "addi": 59,
            "srli": 20,
            "and": 10,
            "add": 54,
            "slli": 8,
            "jalr": 13,
            "andi": 21,
            "lbu": 25,
            "srai": 3,
            "beq": 7,
            "bne": 3,
            "sw": 33,
            "lw": 15,
            "mul": 8,
            "mulhu": 2,
            "sltu": 2,
            "bltu": 2,
            "bgeu": 3,
            "jal": 1,
            "sltiu": 1,
            "auipc": 1,
            "bge": 1
          },
          "instruction_percentages": {
            "lui": 0.0641025641025641,
            "addi": 0.1891025641025641,
            "srli": 0.0641025641025641,
            "and": 0.03205128205128205,
            "add": 0.17307692307692307,
            "slli": 0.02564102564102564,
            "jalr": 0.041666666666666664,
            "andi": 0.0673076923076923,
            "lbu": 0.08012820512820513,
            "srai": 0.009615384615384616,
            "beq": 0.022435897435897436,
            "bne": 0.009615384615384616,
            "sw": 0.10576923076923077,
            "lw": 0.04807692307692308,
            "mul": 0.02564102564102564,
            "mulhu": 0.00641025641025641,
            "sltu": 0.00641025641025641,
            "bltu": 0.00641025641025641,
            "bgeu": 0.009615384615384616,
            "jal": 0.003205128205128205,
            "sltiu": 0.003205128205128205,
            "auipc": 0.003205128205128205,
            "bge": 0.003205128205128205
          }
        },
        {
          "program_name": "patricia_O3",
          "total_instructions": 1010,
          "num_basic_blocks": 222,
          "unique_instruction_count": 25,
          "unique_instructions": [
            "add",
            "addi",
            "and",
            "andi",
            "auipc",
            "beq",
            "bge",
            "bgeu",
            "blt",
            "bltu",
            "bne",
            "jal",
            "jalr",
            "lbu",
            "lui",
            "lw",
            "mul",
            "or",
            "sb",
            "slli",
            "sltiu",
            "srl",
            "sub",
            "sw",
            "xor"
          ],
          "instruction_counts": {
            "lbu": 60,
            "lw": 174,
            "addi": 239,
            "bge": 10,
            "bgeu": 15,
            "lui": 40,
            "srl": 20,
            "sw": 141,
            "and": 32,
            "beq": 48,
            "auipc": 26,
            "jalr": 39,
            "sb": 36,
            "bne": 26,
            "jal": 35,
            "bltu": 5,
            "xor": 1,
            "slli": 14,
            "blt": 9,
            "add": 21,
            "sub": 1,
            "sltiu": 4,
            "andi": 9,
            "mul": 4,
            "or": 1
          },
          "instruction_percentages": {
            "lbu": 0.0594059405940594,
            "lw": 0.17227722772277226,
            "addi": 0.23663366336633662,
            "bge": 0.009900990099009901,
            "bgeu": 0.01485148514851485,
            "lui": 0.039603960396039604,
            "srl": 0.019801980198019802,
            "sw": 0.13960396039603962,
            "and": 0.031683168316831684,
            "beq": 0.047524752475247525,
            "auipc": 0.02574257425742574,
            "jalr": 0.03861386138613861,
            "sb": 0.03564356435643564,
            "bne": 0.02574257425742574,
            "jal": 0.034653465346534656,
            "bltu": 0.0049504950495049506,
            "xor": 0.0009900990099009901,
            "slli": 0.013861386138613862,
            "blt": 0.00891089108910891,
            "add": 0.020792079207920793,
            "sub": 0.0009900990099009901,
            "sltiu": 0.0039603960396039604,
            "andi": 0.00891089108910891,
            "mul": 0.0039603960396039604,
            "or": 0.0009900990099009901
          }
        }
      ]
    },
    "cluster_1": {
      "programs": [
        "basicmath_small_O3",
        "qsort_small_O3",
        "qsort_large_O3"
      ],
      "size": 3,
      "common_instructions": [
        "jalr",
        "lui",
        "bge",
        "srli",
        "bne",
        "add",
        "blt",
        "sw",
        "slli",
        "sltiu",
        "addi",
        "auipc",
        "jal",
        "lw"
      ],
      "program_details": [
        {
          "program_name": "basicmath_small_O3",
          "total_instructions": 2229,
          "num_basic_blocks": 369,
          "unique_instruction_count": 19,
          "unique_instructions": [
            "add",
            "addi",
            "andi",
            "auipc",
            "beq",
            "bge",
            "blt",
            "bltu",
            "bne",
            "jal",
            "jalr",
            "lui",
            "lw",
            "slli",
            "sltiu",
            "srli",
            "sub",
            "sw",
            "xor"
          ],
          "instruction_counts": {
            "lui": 85,
            "lw": 402,
            "addi": 843,
            "sw": 263,
            "auipc": 276,
            "jalr": 279,
            "blt": 11,
            "andi": 1,
            "beq": 8,
            "xor": 4,
            "jal": 12,
            "bge": 12,
            "bne": 16,
            "srli": 2,
            "slli": 8,
            "add": 2,
            "bltu": 2,
            "sub": 2,
            "sltiu": 1
          },
          "instruction_percentages": {
            "lui": 0.03813369223867205,
            "lw": 0.180349932705249,
            "addi": 0.3781965006729475,
            "sw": 0.11799013010318528,
            "auipc": 0.12382234185733512,
            "jalr": 0.12516823687752354,
            "blt": 0.00493494840735756,
            "andi": 0.00044863167339614175,
            "beq": 0.003589053387169134,
            "xor": 0.001794526693584567,
            "jal": 0.005383580080753701,
            "bge": 0.005383580080753701,
            "bne": 0.007178106774338268,
            "srli": 0.0008972633467922835,
            "slli": 0.003589053387169134,
            "add": 0.0008972633467922835,
            "bltu": 0.0008972633467922835,
            "sub": 0.0008972633467922835,
            "sltiu": 0.00044863167339614175
          }
        },
        {
          "program_name": "qsort_small_O3",
          "total_instructions": 222,
          "num_basic_blocks": 51,
          "unique_instruction_count": 22,